filename,caption
Pradosham_16:01:2026.jpg,Pradosham 16:01:2026
Sastha_Preeti_Utsavam_2025.jpg,Sastha Preeti Utsavam 2025
Pradosham_Alankaram _16:01:2026.jpg,Pradosham Alankaram  16:01:2026
Sastha_Preeti_Utsavam_5.jpg,Sastha Preeti Utsavam 5
Sastha_Preeti_Utsavam_4.jpg,Sastha Preeti Utsavam 4
Bhajans_Sastha_Preeti_Utsavam.jpg,Bhajans Sastha Preeti Utsavam
Sastha_Preeti_Utsavam_6.jpg,Sastha Preeti Utsavam 6
Sastha_Preeti_Utsavam_3.jpg,Sastha Preeti Utsavam 3
Sastha_Preeti_Utsavam_2.jpg,Sastha Preeti Utsavam 2
Sankatahara_Chathurthi_07:01:2026.jpg,Sankatahara Chathurthi 07:01:2026
