Date,Occasion
2026-01-01,Pradosham
2026-01-06,Sankatahara Chaturthi
2026-01-16,Pradosham
2026-01-30,Pradosham
2026-02-05,Sankatahara Chaturthi
2026-02-14,Pradosham
2026-03-01,Pradosham
2026-03-06,Sankatahara Chaturthi
2026-03-16,Pradosham
2026-03-30,Pradosham
2026-04-05,Sankatahara Chaturthi
2026-04-15,Pradosham
2026-04-29,Pradosham
2026-05-05,Sankatahara Chaturthi
2026-05-14,Pradosham
2026-05-28,Pradosham
2026-06-04,Sankatahara Chaturthi
2026-06-12,Pradosham
2026-06-27,Pradosham
2026-07-03,Sankatahara Chaturthi
2026-07-12,Pradosham
2026-07-26,Pradosham
2026-08-02,Sankatahara Chaturthi
2026-08-10,Pradosham
2026-08-25,Pradosham
2026-08-31,Sankatahara Chaturthi
2026-09-08,Pradosham
2026-09-24,Pradosham
2026-09-29,Sankatahara Chaturthi
2026-10-08,Pradosham
2026-10-23,Pradosham
2026-10-29,Sankatahara Chaturthi
2026-11-06,Pradosham
2026-11-22,Pradosham
2026-11-27,Sankatahara Chaturthi
2026-12-06,Pradosham
2026-12-21,Pradosham
2026-12-27,Sankatahara Chaturthi